区分,給付可否,要申立書,口座名義_代理人,口座名義_対象者,在留カード（認定請求日時点で有効なもの）,委任状,家族関係確認書類：健康保険被保険者証（表面）（認定請求者が対象者を扶養していることがわかるもの、対象者の住所が記載されているもの）,家族関係確認書類：健康保険被保険者証（裏面）（認定請求者が対象者を扶養していることがわかるもの、対象者の住所が記載されているもの）,家族関係確認書類：住民票の写し（認定請求者と対象者について記載のあるもの）,家族関係確認書類：対象者にかかる医療証（対象者の住所が記載されているもの）,対象者の住民票上の住所を確認できる書類,認定請求者が対象者を健康保険上扶養していることがわかる書類,住民票の写し,戸籍の附票の写し等,住民票の除票の写し等,措置決定通知書,その他の書類
A1-1,○,×,○,×,×,×,×,×,×,×,×,×,×,×,×,×,×
A1-2,○,×,○,×,×,×,×,×,×,×,×,×,○,×,×,×,×
A1-3,○,×,○,×,×,×,×,×,×,×,×,×,×,○,×,×,×
A1-4,○,×,○,×,×,×,×,×,×,×,×,×,×,×,○,×,×
A1-5,○,×,○,×,×,×,×,×,×,×,×,×,○,○,×,×,×
A1-6,○,×,○,×,×,×,×,×,×,×,×,×,○,×,○,×,×
A1-7,○,×,○,×,×,×,×,×,×,×,×,×,×,○,○,×,×
A1-8,○,×,○,×,×,×,×,×,×,×,×,×,○,○,○,×,×
A2-1,○,○,○,×,×,×,×,×,×,×,×,×,×,×,×,×,×
A2-2,○,○,○,×,×,×,×,×,×,×,×,×,○,×,×,×,×
A2-3,○,○,○,×,×,×,×,×,×,×,×,×,×,○,×,×,×
A2-4,○,○,○,×,×,×,×,×,×,×,×,×,×,×,○,×,×
A2-5,○,○,○,×,×,×,×,×,×,×,×,×,○,○,×,×,×
A2-6,○,○,○,×,×,×,×,×,×,×,×,×,○,×,○,×,×
A2-7,○,○,○,×,×,×,×,×,×,×,×,×,×,○,○,×,×
A2-8,○,○,○,×,×,×,×,×,×,×,×,×,○,○,○,×,×
A3-1,○,○,○,×,×,○,○,○,○,○,×,×,×,×,×,×,○
A3-2,○,○,○,×,×,○,○,○,○,○,×,×,○,×,×,×,○
A3-3,○,○,○,×,×,○,○,○,○,○,×,×,×,○,×,×,○
A3-4,○,○,○,×,×,○,○,○,○,○,×,×,×,×,○,×,○
A3-5,○,○,○,×,×,○,○,○,○,○,×,×,○,○,×,×,○
A3-6,○,○,○,×,×,○,○,○,○,○,×,×,○,×,○,×,○
A3-7,○,○,○,×,×,○,○,○,○,○,×,×,×,○,○,×,○
A3-8,○,○,○,×,×,○,○,○,○,○,×,×,○,○,○,×,○
A4-1,○,○,○,×,×,○,○,○,○,○,×,×,×,×,×,×,○
A4-2,○,○,○,×,×,○,○,○,○,○,×,×,○,×,×,×,○
A4-3,○,○,○,×,×,○,○,○,○,○,×,×,×,○,×,×,○
A4-4,○,○,○,×,×,○,○,○,○,○,×,×,×,×,○,×,○
A4-5,○,○,○,×,×,○,○,○,○,○,×,×,○,○,×,×,○
A4-6,○,○,○,×,×,○,○,○,○,○,×,×,○,×,○,×,○
A4-7,○,○,○,×,×,○,○,○,○,○,×,×,×,○,○,×,○
A4-8,○,○,○,×,×,○,○,○,○,○,×,×,○,○,○,×,○
A5-1,○,○,○,×,×,○,○,○,○,○,×,×,×,×,×,×,○
A5-2,○,○,○,×,×,○,○,○,○,○,×,×,○,×,×,×,○
A5-3,○,○,○,×,×,○,○,○,○,○,×,×,×,○,×,×,○
A5-4,○,○,○,×,×,○,○,○,○,○,×,×,×,×,○,×,○
A5-5,○,○,○,×,×,○,○,○,○,○,×,×,○,○,×,×,○
A5-6,○,○,○,×,×,○,○,○,○,○,×,×,○,×,○,×,○
A5-7,○,○,○,×,×,○,○,○,○,○,×,×,×,○,○,×,○
A5-8,○,○,○,×,×,○,○,○,○,○,×,×,○,○,○,×,○
A6-1,○,○,○,×,×,○,○,○,○,○,○,×,×,×,×,×,○
A6-2,○,○,○,×,×,○,○,○,○,○,○,×,○,×,×,×,○
A6-3,○,○,○,×,×,○,○,○,○,○,○,×,×,○,×,×,○
A6-4,○,○,○,×,×,○,○,○,○,○,○,×,×,×,○,×,○
A6-5,○,○,○,×,×,○,○,○,○,○,○,×,○,○,×,×,○
A6-6,○,○,○,×,×,○,○,○,○,○,○,×,○,×,○,×,○
A6-7,○,○,○,×,×,○,○,○,○,○,○,×,×,○,○,×,○
A6-8,○,○,○,×,×,○,○,○,○,○,○,×,○,○,○,×,○
A7-1,○,×,○,×,×,○,○,○,○,○,×,×,×,×,×,×,○
A7-2,○,×,○,×,×,○,○,○,○,○,×,×,○,×,×,×,○
A7-3,○,×,○,×,×,○,○,○,○,○,×,×,×,○,×,×,○
A7-4,○,×,○,×,×,○,○,○,○,○,×,×,×,×,○,×,○
A7-5,○,×,○,×,×,○,○,○,○,○,×,×,○,○,×,×,○
A7-6,○,×,○,×,×,○,○,○,○,○,×,×,○,×,○,×,○
A7-7,○,×,○,×,×,○,○,○,○,○,×,×,×,○,○,×,○
A7-8,○,×,○,×,×,○,○,○,○,○,×,×,○,○,○,×,○
A8-1,○,○,○,×,×,○,○,○,○,○,○,×,×,×,×,×,○
A8-2,○,○,○,×,×,○,○,○,○,○,○,×,○,×,×,×,○
A8-3,○,○,○,×,×,○,○,○,○,○,○,×,×,○,×,×,○
A8-4,○,○,○,×,×,○,○,○,○,○,○,×,×,×,○,×,○
A8-5,○,○,○,×,×,○,○,○,○,○,○,×,○,○,×,×,○
A8-6,○,○,○,×,×,○,○,○,○,○,○,×,○,×,○,×,○
A8-7,○,○,○,×,×,○,○,○,○,○,○,×,×,○,○,×,○
A8-8,○,○,○,×,×,○,○,○,○,○,○,×,○,○,○,×,○
A9-1,○,○,○,×,×,○,○,○,○,○,○,×,×,×,×,×,○
A9-2,○,○,○,×,×,○,○,○,○,○,○,×,○,×,×,×,○
A9-3,○,○,○,×,×,○,○,○,○,○,○,×,×,○,×,×,○
A9-4,○,○,○,×,×,○,○,○,○,○,○,×,×,×,○,×,○
A9-5,○,○,○,×,×,○,○,○,○,○,○,×,○,○,×,×,○
A9-6,○,○,○,×,×,○,○,○,○,○,○,×,○,×,○,×,○
A9-7,○,○,○,×,×,○,○,○,○,○,○,×,×,○,○,×,○
A9-8,○,○,○,×,×,○,○,○,○,○,○,×,○,○,○,×,○
A10-1,○,○,○,×,×,○,○,○,○,○,○,×,×,×,×,×,○
A10-2,○,○,○,×,×,○,○,○,○,○,○,×,○,×,×,×,○
A10-3,○,○,○,×,×,○,○,○,○,○,○,×,×,○,×,×,○
A10-4,○,○,○,×,×,○,○,○,○,○,○,×,×,×,○,×,○
A10-5,○,○,○,×,×,○,○,○,○,○,○,×,○,○,×,×,○
A10-6,○,○,○,×,×,○,○,○,○,○,○,×,○,×,○,×,○
A10-7,○,○,○,×,×,○,○,○,○,○,○,×,×,○,○,×,○
A10-8,○,○,○,×,×,○,○,○,○,○,○,×,○,○,○,×,○
A11-1,○,○,○,×,×,○,×,×,×,×,×,×,×,×,×,×,○
A11-2,○,○,○,×,×,○,×,×,×,×,×,×,○,×,×,×,○
A11-3,○,○,○,×,×,○,×,×,×,×,×,×,×,○,×,×,○
A11-4,○,○,○,×,×,○,×,×,×,×,×,×,×,×,○,×,○
A11-5,○,○,○,×,×,○,×,×,×,×,×,×,○,○,×,×,○
A11-6,○,○,○,×,×,○,×,×,×,×,×,×,○,×,○,×,○
A11-7,○,○,○,×,×,○,×,×,×,×,×,×,×,○,○,×,○
A11-8,○,○,○,×,×,○,×,×,×,×,×,×,○,○,○,×,○
A12-1,○,○,○,×,×,○,×,×,×,×,×,×,×,×,×,×,○
A12-2,○,○,○,×,×,○,×,×,×,×,×,×,○,×,×,×,○
A12-3,○,○,○,×,×,○,×,×,×,×,×,×,×,○,×,×,○
A12-4,○,○,○,×,×,○,×,×,×,×,×,×,×,×,○,×,○
A12-5,○,○,○,×,×,○,×,×,×,×,×,×,○,○,×,×,○
A12-6,○,○,○,×,×,○,×,×,×,×,×,×,○,×,○,×,○
A12-7,○,○,○,×,×,○,×,×,×,×,×,×,×,○,○,×,○
A12-8,○,○,○,×,×,○,×,×,×,×,×,×,○,○,○,×,○
A13-1,○,○,○,×,×,○,×,×,×,×,×,×,×,×,×,×,○
A13-2,○,○,○,×,×,○,×,×,×,×,×,×,○,×,×,×,○
A13-3,○,○,○,×,×,○,×,×,×,×,×,×,×,○,×,×,○
A13-4,○,○,○,×,×,○,×,×,×,×,×,×,×,×,○,×,○
A13-5,○,○,○,×,×,○,×,×,×,×,×,×,○,○,×,×,○
A13-6,○,○,○,×,×,○,×,×,×,×,×,×,○,×,○,×,○
A13-7,○,○,○,×,×,○,×,×,×,×,×,×,×,○,○,×,○
A13-8,○,○,○,×,×,○,×,×,×,×,×,×,○,○,○,×,○
A14-1,○,○,○,×,×,○,×,×,×,×,×,×,×,×,×,×,○
A14-2,○,○,○,×,×,○,×,×,×,×,×,×,○,×,×,×,○
A14-3,○,○,○,×,×,○,×,×,×,×,×,×,×,○,×,×,○
A14-4,○,○,○,×,×,○,×,×,×,×,×,×,×,×,○,×,○
A14-5,○,○,○,×,×,○,×,×,×,×,×,×,○,○,×,×,○
A14-6,○,○,○,×,×,○,×,×,×,×,×,×,○,×,○,×,○
A14-7,○,○,○,×,×,○,×,×,×,×,×,×,×,○,○,×,○
A14-8,○,○,○,×,×,○,×,×,×,×,×,×,○,○,○,×,○
A15-1,○,○,○,×,×,○,×,×,×,×,×,×,×,×,×,×,○
A15-2,○,○,○,×,×,○,×,×,×,×,×,×,○,×,×,×,○
A15-3,○,○,○,×,×,○,×,×,×,×,×,×,×,○,×,×,○
A15-4,○,○,○,×,×,○,×,×,×,×,×,×,×,×,○,×,○
A15-5,○,○,○,×,×,○,×,×,×,×,×,×,○,○,×,×,○
A15-6,○,○,○,×,×,○,×,×,×,×,×,×,○,×,○,×,○
A15-7,○,○,○,×,×,○,×,×,×,×,×,×,×,○,○,×,○
A15-8,○,○,○,×,×,○,×,×,×,×,×,×,○,○,○,×,○
A16-1,○,○,○,×,×,○,×,×,×,×,×,×,×,×,×,×,○
A16-2,○,○,○,×,×,○,×,×,×,×,×,×,○,×,×,×,○
A16-3,○,○,○,×,×,○,×,×,×,×,×,×,×,○,×,×,○
A16-4,○,○,○,×,×,○,×,×,×,×,×,×,×,×,○,×,○
A16-5,○,○,○,×,×,○,×,×,×,×,×,×,○,○,×,×,○
A16-6,○,○,○,×,×,○,×,×,×,×,×,×,○,×,○,×,○
A16-7,○,○,○,×,×,○,×,×,×,×,×,×,×,○,○,×,○
A16-8,○,○,○,×,×,○,×,×,×,×,×,×,○,○,○,×,○
A17-1,○,○,○,×,×,○,×,×,×,×,×,×,×,×,×,×,○
A17-2,○,○,○,×,×,○,×,×,×,×,×,×,○,×,×,×,○
A17-3,○,○,○,×,×,○,×,×,×,×,×,×,×,○,×,×,○
A17-4,○,○,○,×,×,○,×,×,×,×,×,×,×,×,○,×,○
A17-5,○,○,○,×,×,○,×,×,×,×,×,×,○,○,×,×,○
A17-6,○,○,○,×,×,○,×,×,×,×,×,×,○,×,○,×,○
A17-7,○,○,○,×,×,○,×,×,×,×,×,×,×,○,○,×,○
A17-8,○,○,○,×,×,○,×,×,×,×,×,×,○,○,○,×,○
A18-1,○,○,○,×,×,○,×,×,×,×,×,×,×,×,×,×,○
A18-2,○,○,○,×,×,○,×,×,×,×,×,×,○,×,×,×,○
A18-3,○,○,○,×,×,○,×,×,×,×,×,×,×,○,×,×,○
A18-4,○,○,○,×,×,○,×,×,×,×,×,×,×,×,○,×,○
A18-5,○,○,○,×,×,○,×,×,×,×,×,×,○,○,×,×,○
A18-6,○,○,○,×,×,○,×,×,×,×,×,×,○,×,○,×,○
A18-7,○,○,○,×,×,○,×,×,×,×,×,×,×,○,○,×,○
A18-8,○,○,○,×,×,○,×,×,×,×,×,×,○,○,○,×,○
A19-1,○,○,○,×,×,○,×,×,×,×,×,×,×,×,×,×,○
A19-2,○,○,○,×,×,○,×,×,×,×,×,×,○,×,×,×,○
A19-3,○,○,○,×,×,○,×,×,×,×,×,×,×,○,×,×,○
A19-4,○,○,○,×,×,○,×,×,×,×,×,×,×,×,○,×,○
A19-5,○,○,○,×,×,○,×,×,×,×,×,×,○,○,×,×,○
A19-6,○,○,○,×,×,○,×,×,×,×,×,×,○,×,○,×,○
A19-7,○,○,○,×,×,○,×,×,×,×,×,×,×,○,○,×,○
A19-8,○,○,○,×,×,○,×,×,×,×,×,×,○,○,○,×,○
A20-1,○,○,○,×,×,○,×,×,×,×,×,×,×,×,×,×,○
A20-2,○,○,○,×,×,○,×,×,×,×,×,×,○,×,×,×,○
A20-3,○,○,○,×,×,○,×,×,×,×,×,×,×,○,×,×,○
A20-4,○,○,○,×,×,○,×,×,×,×,×,×,×,×,○,×,○
A20-5,○,○,○,×,×,○,×,×,×,×,×,×,○,○,×,×,○
A20-6,○,○,○,×,×,○,×,×,×,×,×,×,○,×,○,×,○
A20-7,○,○,○,×,×,○,×,×,×,×,×,×,×,○,○,×,○
A20-8,○,○,○,×,×,○,×,×,×,×,×,×,○,○,○,×,○
A21-1,○,○,○,×,×,○,×,×,×,×,×,×,×,×,×,×,○
A21-2,○,○,○,×,×,○,×,×,×,×,×,×,○,×,×,×,○
A21-3,○,○,○,×,×,○,×,×,×,×,×,×,×,○,×,×,○
A21-4,○,○,○,×,×,○,×,×,×,×,×,×,×,×,○,×,○
A21-5,○,○,○,×,×,○,×,×,×,×,×,×,○,○,×,×,○
A21-6,○,○,○,×,×,○,×,×,×,×,×,×,○,×,○,×,○
A21-7,○,○,○,×,×,○,×,×,×,×,×,×,×,○,○,×,○
A21-8,○,○,○,×,×,○,×,×,×,×,×,×,○,○,○,×,○
A22-1,○,×,○,×,×,○,×,×,×,×,×,×,×,×,×,×,○
A22-2,○,×,○,×,×,○,×,×,×,×,×,×,○,×,×,×,○
A22-3,○,×,○,×,×,○,×,×,×,×,×,×,×,○,×,×,○
A22-4,○,×,○,×,×,○,×,×,×,×,×,×,×,×,○,×,○
A22-5,○,×,○,×,×,○,×,×,×,×,×,×,○,○,×,×,○
A22-6,○,×,○,×,×,○,×,×,×,×,×,×,○,×,○,×,○
A22-7,○,×,○,×,×,○,×,×,×,×,×,×,×,○,○,×,○
A22-8,○,×,○,×,×,○,×,×,×,×,×,×,○,○,○,×,○
A23-1,○,○,○,○,×,×,○,○,○,○,×,×,×,×,×,×,○
A23-2,○,○,○,○,×,×,○,○,○,○,×,×,○,×,×,×,○
A23-3,○,○,○,○,×,×,○,○,○,○,×,×,×,○,×,×,○
A23-4,○,○,○,○,×,×,○,○,○,○,×,×,×,×,○,×,○
A23-5,○,○,○,○,×,×,○,○,○,○,×,×,○,○,×,×,○
A23-6,○,○,○,○,×,×,○,○,○,○,×,×,○,×,○,×,○
A23-7,○,○,○,○,×,×,○,○,○,○,×,×,×,○,○,×,○
A23-8,○,○,○,○,×,×,○,○,○,○,×,×,○,○,○,×,○
A24-1,○,○,○,○,×,×,○,○,○,○,×,×,×,×,×,×,○
A24-2,○,○,○,○,×,×,○,○,○,○,×,×,○,×,×,×,○
A24-3,○,○,○,○,×,×,○,○,○,○,×,×,×,○,×,×,○
A24-4,○,○,○,○,×,×,○,○,○,○,×,×,×,×,○,×,○
A24-5,○,○,○,○,×,×,○,○,○,○,×,×,○,○,×,×,○
A24-6,○,○,○,○,×,×,○,○,○,○,×,×,○,×,○,×,○
A24-7,○,○,○,○,×,×,○,○,○,○,×,×,×,○,○,×,○
A24-8,○,○,○,○,×,×,○,○,○,○,×,×,○,○,○,×,○
A25-1,○,○,○,○,×,×,○,○,○,○,×,×,×,×,×,×,○
A25-2,○,○,○,○,×,×,○,○,○,○,×,×,○,×,×,×,○
A25-3,○,○,○,○,×,×,○,○,○,○,×,×,×,○,×,×,○
A25-4,○,○,○,○,×,×,○,○,○,○,×,×,×,×,○,×,○
A25-5,○,○,○,○,×,×,○,○,○,○,×,×,○,○,×,×,○
A25-6,○,○,○,○,×,×,○,○,○,○,×,×,○,×,○,×,○
A25-7,○,○,○,○,×,×,○,○,○,○,×,×,×,○,○,×,○
A25-8,○,○,○,○,×,×,○,○,○,○,×,×,○,○,○,×,○
A26-1,○,○,○,○,×,×,○,○,○,○,○,×,×,×,×,×,○
A26-2,○,○,○,○,×,×,○,○,○,○,○,×,○,×,×,×,○
A26-3,○,○,○,○,×,×,○,○,○,○,○,×,×,○,×,×,○
A26-4,○,○,○,○,×,×,○,○,○,○,○,×,×,×,○,×,○
A26-5,○,○,○,○,×,×,○,○,○,○,○,×,○,○,×,×,○
A26-6,○,○,○,○,×,×,○,○,○,○,○,×,○,×,○,×,○
A26-7,○,○,○,○,×,×,○,○,○,○,○,×,×,○,○,×,○
A26-8,○,○,○,○,×,×,○,○,○,○,○,×,○,○,○,×,○
A27-1,○,×,○,○,×,×,○,○,○,○,×,×,×,×,×,×,○
A27-2,○,×,○,○,×,×,○,○,○,○,×,×,○,×,×,×,○
A27-3,○,×,○,○,×,×,○,○,○,○,×,×,×,○,×,×,○
A27-4,○,×,○,○,×,×,○,○,○,○,×,×,×,×,○,×,○
A27-5,○,×,○,○,×,×,○,○,○,○,×,×,○,○,×,×,○
A27-6,○,×,○,○,×,×,○,○,○,○,×,×,○,×,○,×,○
A27-7,○,×,○,○,×,×,○,○,○,○,×,×,×,○,○,×,○
A27-8,○,×,○,○,×,×,○,○,○,○,×,×,○,○,○,×,○
A28-1,○,○,○,○,×,×,○,○,○,○,○,×,×,×,×,×,○
A28-2,○,○,○,○,×,×,○,○,○,○,○,×,○,×,×,×,○
A28-3,○,○,○,○,×,×,○,○,○,○,○,×,×,○,×,×,○
A28-4,○,○,○,○,×,×,○,○,○,○,○,×,×,×,○,×,○
A28-5,○,○,○,○,×,×,○,○,○,○,○,×,○,○,×,×,○
A28-6,○,○,○,○,×,×,○,○,○,○,○,×,○,×,○,×,○
A28-7,○,○,○,○,×,×,○,○,○,○,○,×,×,○,○,×,○
A28-8,○,○,○,○,×,×,○,○,○,○,○,×,○,○,○,×,○
A29-1,○,○,○,○,×,×,○,○,○,○,○,×,×,×,×,×,○
A29-2,○,○,○,○,×,×,○,○,○,○,○,×,○,×,×,×,○
A29-3,○,○,○,○,×,×,○,○,○,○,○,×,×,○,×,×,○
A29-4,○,○,○,○,×,×,○,○,○,○,○,×,×,×,○,×,○
A29-5,○,○,○,○,×,×,○,○,○,○,○,×,○,○,×,×,○
A29-6,○,○,○,○,×,×,○,○,○,○,○,×,○,×,○,×,○
A29-7,○,○,○,○,×,×,○,○,○,○,○,×,×,○,○,×,○
A29-8,○,○,○,○,×,×,○,○,○,○,○,×,○,○,○,×,○
A30-1,○,○,○,○,×,×,○,○,○,○,○,×,×,×,×,×,○
A30-2,○,○,○,○,×,×,○,○,○,○,○,×,○,×,×,×,○
A30-3,○,○,○,○,×,×,○,○,○,○,○,×,×,○,×,×,○
A30-4,○,○,○,○,×,×,○,○,○,○,○,×,×,×,○,×,○
A30-5,○,○,○,○,×,×,○,○,○,○,○,×,○,○,×,×,○
A30-6,○,○,○,○,×,×,○,○,○,○,○,×,○,×,○,×,○
A30-7,○,○,○,○,×,×,○,○,○,○,○,×,×,○,○,×,○
A30-8,○,○,○,○,×,×,○,○,○,○,○,×,○,○,○,×,○
A31-1,○,○,○,○,×,×,×,×,×,×,×,×,×,×,×,×,○
A31-2,○,○,○,○,×,×,×,×,×,×,×,×,○,×,×,×,○
A31-3,○,○,○,○,×,×,×,×,×,×,×,×,×,○,×,×,○
A31-4,○,○,○,○,×,×,×,×,×,×,×,×,×,×,○,×,○
A31-5,○,○,○,○,×,×,×,×,×,×,×,×,○,○,×,×,○
A31-6,○,○,○,○,×,×,×,×,×,×,×,×,○,×,○,×,○
A31-7,○,○,○,○,×,×,×,×,×,×,×,×,×,○,○,×,○
A31-8,○,○,○,○,×,×,×,×,×,×,×,×,○,○,○,×,○
A32-1,○,○,○,○,×,×,×,×,×,×,×,×,×,×,×,×,○
A32-2,○,○,○,○,×,×,×,×,×,×,×,×,○,×,×,×,○
A32-3,○,○,○,○,×,×,×,×,×,×,×,×,×,○,×,×,○
A32-4,○,○,○,○,×,×,×,×,×,×,×,×,×,×,○,×,○
A32-5,○,○,○,○,×,×,×,×,×,×,×,×,○,○,×,×,○
A32-6,○,○,○,○,×,×,×,×,×,×,×,×,○,×,○,×,○
A32-7,○,○,○,○,×,×,×,×,×,×,×,×,×,○,○,×,○
A32-8,○,○,○,○,×,×,×,×,×,×,×,×,○,○,○,×,○
A33-1,○,○,○,○,×,×,×,×,×,×,×,×,×,×,×,×,○
A33-2,○,○,○,○,×,×,×,×,×,×,×,×,○,×,×,×,○
A33-3,○,○,○,○,×,×,×,×,×,×,×,×,×,○,×,×,○
A33-4,○,○,○,○,×,×,×,×,×,×,×,×,×,×,○,×,○
A33-5,○,○,○,○,×,×,×,×,×,×,×,×,○,○,×,×,○
A33-6,○,○,○,○,×,×,×,×,×,×,×,×,○,×,○,×,○
A33-7,○,○,○,○,×,×,×,×,×,×,×,×,×,○,○,×,○
A33-8,○,○,○,○,×,×,×,×,×,×,×,×,○,○,○,×,○
A34-1,○,○,○,○,×,×,×,×,×,×,×,×,×,×,×,×,○
A34-2,○,○,○,○,×,×,×,×,×,×,×,×,○,×,×,×,○
A34-3,○,○,○,○,×,×,×,×,×,×,×,×,×,○,×,×,○
A34-4,○,○,○,○,×,×,×,×,×,×,×,×,×,×,○,×,○
A34-5,○,○,○,○,×,×,×,×,×,×,×,×,○,○,×,×,○
A34-6,○,○,○,○,×,×,×,×,×,×,×,×,○,×,○,×,○
A34-7,○,○,○,○,×,×,×,×,×,×,×,×,×,○,○,×,○
A34-8,○,○,○,○,×,×,×,×,×,×,×,×,○,○,○,×,○
A35-1,○,○,○,○,×,×,×,×,×,×,×,×,×,×,×,×,○
A35-2,○,○,○,○,×,×,×,×,×,×,×,×,○,×,×,×,○
A35-3,○,○,○,○,×,×,×,×,×,×,×,×,×,○,×,×,○
A35-4,○,○,○,○,×,×,×,×,×,×,×,×,×,×,○,×,○
A35-5,○,○,○,○,×,×,×,×,×,×,×,×,○,○,×,×,○
A35-6,○,○,○,○,×,×,×,×,×,×,×,×,○,×,○,×,○
A35-7,○,○,○,○,×,×,×,×,×,×,×,×,×,○,○,×,○
A35-8,○,○,○,○,×,×,×,×,×,×,×,×,○,○,○,×,○
A36-1,○,○,○,○,×,×,×,×,×,×,×,×,×,×,×,×,○
A36-2,○,○,○,○,×,×,×,×,×,×,×,×,○,×,×,×,○
A36-3,○,○,○,○,×,×,×,×,×,×,×,×,×,○,×,×,○
A36-4,○,○,○,○,×,×,×,×,×,×,×,×,×,×,○,×,○
A36-5,○,○,○,○,×,×,×,×,×,×,×,×,○,○,×,×,○
A36-6,○,○,○,○,×,×,×,×,×,×,×,×,○,×,○,×,○
A36-7,○,○,○,○,×,×,×,×,×,×,×,×,×,○,○,×,○
A36-8,○,○,○,○,×,×,×,×,×,×,×,×,○,○,○,×,○
A37-1,○,○,○,○,×,×,×,×,×,×,×,×,×,×,×,×,○
A37-2,○,○,○,○,×,×,×,×,×,×,×,×,○,×,×,×,○
A37-3,○,○,○,○,×,×,×,×,×,×,×,×,×,○,×,×,○
A37-4,○,○,○,○,×,×,×,×,×,×,×,×,×,×,○,×,○
A37-5,○,○,○,○,×,×,×,×,×,×,×,×,○,○,×,×,○
A37-6,○,○,○,○,×,×,×,×,×,×,×,×,○,×,○,×,○
A37-7,○,○,○,○,×,×,×,×,×,×,×,×,×,○,○,×,○
A37-8,○,○,○,○,×,×,×,×,×,×,×,×,○,○,○,×,○
A38-1,○,○,○,○,×,×,×,×,×,×,×,×,×,×,×,×,○
A38-2,○,○,○,○,×,×,×,×,×,×,×,×,○,×,×,×,○
A38-3,○,○,○,○,×,×,×,×,×,×,×,×,×,○,×,×,○
A38-4,○,○,○,○,×,×,×,×,×,×,×,×,×,×,○,×,○
A38-5,○,○,○,○,×,×,×,×,×,×,×,×,○,○,×,×,○
A38-6,○,○,○,○,×,×,×,×,×,×,×,×,○,×,○,×,○
A38-7,○,○,○,○,×,×,×,×,×,×,×,×,×,○,○,×,○
A38-8,○,○,○,○,×,×,×,×,×,×,×,×,○,○,○,×,○
A39-1,○,○,○,○,×,×,×,×,×,×,×,×,×,×,×,×,○
A39-2,○,○,○,○,×,×,×,×,×,×,×,×,○,×,×,×,○
A39-3,○,○,○,○,×,×,×,×,×,×,×,×,×,○,×,×,○
A39-4,○,○,○,○,×,×,×,×,×,×,×,×,×,×,○,×,○
A39-5,○,○,○,○,×,×,×,×,×,×,×,×,○,○,×,×,○
A39-6,○,○,○,○,×,×,×,×,×,×,×,×,○,×,○,×,○
A39-7,○,○,○,○,×,×,×,×,×,×,×,×,×,○,○,×,○
A39-8,○,○,○,○,×,×,×,×,×,×,×,×,○,○,○,×,○
A40-1,○,○,○,○,×,×,×,×,×,×,×,×,×,×,×,×,○
A40-2,○,○,○,○,×,×,×,×,×,×,×,×,○,×,×,×,○
A40-3,○,○,○,○,×,×,×,×,×,×,×,×,×,○,×,×,○
A40-4,○,○,○,○,×,×,×,×,×,×,×,×,×,×,○,×,○
A40-5,○,○,○,○,×,×,×,×,×,×,×,×,○,○,×,×,○
A40-6,○,○,○,○,×,×,×,×,×,×,×,×,○,×,○,×,○
A40-7,○,○,○,○,×,×,×,×,×,×,×,×,×,○,○,×,○
A40-8,○,○,○,○,×,×,×,×,×,×,×,×,○,○,○,×,○
A41-1,○,○,○,○,×,×,×,×,×,×,×,×,×,×,×,×,○
A41-2,○,○,○,○,×,×,×,×,×,×,×,×,○,×,×,×,○
A41-3,○,○,○,○,×,×,×,×,×,×,×,×,×,○,×,×,○
A41-4,○,○,○,○,×,×,×,×,×,×,×,×,×,×,○,×,○
A41-5,○,○,○,○,×,×,×,×,×,×,×,×,○,○,×,×,○
A41-6,○,○,○,○,×,×,×,×,×,×,×,×,○,×,○,×,○
A41-7,○,○,○,○,×,×,×,×,×,×,×,×,×,○,○,×,○
A41-8,○,○,○,○,×,×,×,×,×,×,×,×,○,○,○,×,○
A42-1,○,×,○,○,×,×,×,×,×,×,×,×,×,×,×,×,○
A42-2,○,×,○,○,×,×,×,×,×,×,×,×,○,×,×,×,○
A42-3,○,×,○,○,×,×,×,×,×,×,×,×,×,○,×,×,○
A42-4,○,×,○,○,×,×,×,×,×,×,×,×,×,×,○,×,○
A42-5,○,×,○,○,×,×,×,×,×,×,×,×,○,○,×,×,○
A42-6,○,×,○,○,×,×,×,×,×,×,×,×,○,×,○,×,○
A42-7,○,×,○,○,×,×,×,×,×,×,×,×,×,○,○,×,○
A42-8,○,×,○,○,×,×,×,×,×,×,×,×,○,○,○,×,○
A43-1,○,×,○,×,○,×,×,×,×,×,×,×,×,×,×,×,○
A43-2,○,×,○,×,○,×,×,×,×,×,×,×,○,×,×,×,○
A43-3,○,×,○,×,○,×,×,×,×,×,×,×,×,○,×,×,○
A43-4,○,×,○,×,○,×,×,×,×,×,×,×,×,×,○,×,○
A43-5,○,×,○,×,○,×,×,×,×,×,×,×,○,○,×,×,○
A43-6,○,×,○,×,○,×,×,×,×,×,×,×,○,×,○,×,○
A43-7,○,×,○,×,○,×,×,×,×,×,×,×,×,○,○,×,○
A43-8,○,×,○,×,○,×,×,×,×,×,×,×,○,○,○,×,○
A44-1,○,○,○,×,○,×,×,×,×,×,×,×,×,×,×,×,○
A44-2,○,○,○,×,○,×,×,×,×,×,×,×,○,×,×,×,○
A44-3,○,○,○,×,○,×,×,×,×,×,×,×,×,○,×,×,○
A44-4,○,○,○,×,○,×,×,×,×,×,×,×,×,×,○,×,○
A44-5,○,○,○,×,○,×,×,×,×,×,×,×,○,○,×,×,○
A44-6,○,○,○,×,○,×,×,×,×,×,×,×,○,×,○,×,○
A44-7,○,○,○,×,○,×,×,×,×,×,×,×,×,○,○,×,○
A44-8,○,○,○,×,○,×,×,×,×,×,×,×,○,○,○,×,○
A45-1,○,○,○,×,○,○,○,○,○,○,×,×,×,×,×,×,○
A45-2,○,○,○,×,○,○,○,○,○,○,×,×,○,×,×,×,○
A45-3,○,○,○,×,○,○,○,○,○,○,×,×,×,○,×,×,○
A45-4,○,○,○,×,○,○,○,○,○,○,×,×,×,×,○,×,○
A45-5,○,○,○,×,○,○,○,○,○,○,×,×,○,○,×,×,○
A45-6,○,○,○,×,○,○,○,○,○,○,×,×,○,×,○,×,○
A45-7,○,○,○,×,○,○,○,○,○,○,×,×,×,○,○,×,○
A45-8,○,○,○,×,○,○,○,○,○,○,×,×,○,○,○,×,○
A46-1,○,○,○,×,○,○,○,○,○,○,×,×,×,×,×,×,○
A46-2,○,○,○,×,○,○,○,○,○,○,×,×,○,×,×,×,○
A46-3,○,○,○,×,○,○,○,○,○,○,×,×,×,○,×,×,○
A46-4,○,○,○,×,○,○,○,○,○,○,×,×,×,×,○,×,○
A46-5,○,○,○,×,○,○,○,○,○,○,×,×,○,○,×,×,○
A46-6,○,○,○,×,○,○,○,○,○,○,×,×,○,×,○,×,○
A46-7,○,○,○,×,○,○,○,○,○,○,×,×,×,○,○,×,○
A46-8,○,○,○,×,○,○,○,○,○,○,×,×,○,○,○,×,○
A47-1,○,○,○,×,○,○,○,○,○,○,×,×,×,×,×,×,○
A47-2,○,○,○,×,○,○,○,○,○,○,×,×,○,×,×,×,○
A47-3,○,○,○,×,○,○,○,○,○,○,×,×,×,○,×,×,○
A47-4,○,○,○,×,○,○,○,○,○,○,×,×,×,×,○,×,○
A47-5,○,○,○,×,○,○,○,○,○,○,×,×,○,○,×,×,○
A47-6,○,○,○,×,○,○,○,○,○,○,×,×,○,×,○,×,○
A47-7,○,○,○,×,○,○,○,○,○,○,×,×,×,○,○,×,○
A47-8,○,○,○,×,○,○,○,○,○,○,×,×,○,○,○,×,○
A48-1,○,○,○,×,○,○,○,○,○,○,○,×,×,×,×,×,○
A48-2,○,○,○,×,○,○,○,○,○,○,○,×,○,×,×,×,○
A48-3,○,○,○,×,○,○,○,○,○,○,○,×,×,○,×,×,○
A48-4,○,○,○,×,○,○,○,○,○,○,○,×,×,×,○,×,○
A48-5,○,○,○,×,○,○,○,○,○,○,○,×,○,○,×,×,○
A48-6,○,○,○,×,○,○,○,○,○,○,○,×,○,×,○,×,○
A48-7,○,○,○,×,○,○,○,○,○,○,○,×,×,○,○,×,○
A48-8,○,○,○,×,○,○,○,○,○,○,○,×,○,○,○,×,○
A49-1,○,×,○,×,○,○,○,○,○,○,×,×,×,×,×,×,○
A49-2,○,×,○,×,○,○,○,○,○,○,×,×,○,×,×,×,○
A49-3,○,×,○,×,○,○,○,○,○,○,×,×,×,○,×,×,○
A49-4,○,×,○,×,○,○,○,○,○,○,×,×,×,×,○,×,○
A49-5,○,×,○,×,○,○,○,○,○,○,×,×,○,○,×,×,○
A49-6,○,×,○,×,○,○,○,○,○,○,×,×,○,×,○,×,○
A49-7,○,×,○,×,○,○,○,○,○,○,×,×,×,○,○,×,○
A49-8,○,×,○,×,○,○,○,○,○,○,×,×,○,○,○,×,○
A50-1,○,○,○,×,○,○,○,○,○,○,○,×,×,×,×,×,○
A50-2,○,○,○,×,○,○,○,○,○,○,○,×,○,×,×,×,○
A50-3,○,○,○,×,○,○,○,○,○,○,○,×,×,○,×,×,○
A50-4,○,○,○,×,○,○,○,○,○,○,○,×,×,×,○,×,○
A50-5,○,○,○,×,○,○,○,○,○,○,○,×,○,○,×,×,○
A50-6,○,○,○,×,○,○,○,○,○,○,○,×,○,×,○,×,○
A50-7,○,○,○,×,○,○,○,○,○,○,○,×,×,○,○,×,○
A50-8,○,○,○,×,○,○,○,○,○,○,○,×,○,○,○,×,○
A51-1,○,○,○,×,○,○,○,○,○,○,○,×,×,×,×,×,○
A51-2,○,○,○,×,○,○,○,○,○,○,○,×,○,×,×,×,○
A51-3,○,○,○,×,○,○,○,○,○,○,○,×,×,○,×,×,○
A51-4,○,○,○,×,○,○,○,○,○,○,○,×,×,×,○,×,○
A51-5,○,○,○,×,○,○,○,○,○,○,○,×,○,○,×,×,○
A51-6,○,○,○,×,○,○,○,○,○,○,○,×,○,×,○,×,○
A51-7,○,○,○,×,○,○,○,○,○,○,○,×,×,○,○,×,○
A51-8,○,○,○,×,○,○,○,○,○,○,○,×,○,○,○,×,○
A52-1,○,○,○,×,○,○,○,○,○,○,○,×,×,×,×,×,○
A52-2,○,○,○,×,○,○,○,○,○,○,○,×,○,×,×,×,○
A52-3,○,○,○,×,○,○,○,○,○,○,○,×,×,○,×,×,○
A52-4,○,○,○,×,○,○,○,○,○,○,○,×,×,×,○,×,○
A52-5,○,○,○,×,○,○,○,○,○,○,○,×,○,○,×,×,○
A52-6,○,○,○,×,○,○,○,○,○,○,○,×,○,×,○,×,○
A52-7,○,○,○,×,○,○,○,○,○,○,○,×,×,○,○,×,○
A52-8,○,○,○,×,○,○,○,○,○,○,○,×,○,○,○,×,○
A53-1,○,○,○,×,○,○,×,×,×,×,×,×,×,×,×,×,○
A53-2,○,○,○,×,○,○,×,×,×,×,×,×,○,×,×,×,○
A53-3,○,○,○,×,○,○,×,×,×,×,×,×,×,○,×,×,○
A53-4,○,○,○,×,○,○,×,×,×,×,×,×,×,×,○,×,○
A53-5,○,○,○,×,○,○,×,×,×,×,×,×,○,○,×,×,○
A53-6,○,○,○,×,○,○,×,×,×,×,×,×,○,×,○,×,○
A53-7,○,○,○,×,○,○,×,×,×,×,×,×,×,○,○,×,○
A53-8,○,○,○,×,○,○,×,×,×,×,×,×,○,○,○,×,○
A54-1,○,○,○,×,○,○,×,×,×,×,×,×,×,×,×,×,○
A54-2,○,○,○,×,○,○,×,×,×,×,×,×,○,×,×,×,○
A54-3,○,○,○,×,○,○,×,×,×,×,×,×,×,○,×,×,○
A54-4,○,○,○,×,○,○,×,×,×,×,×,×,×,×,○,×,○
A54-5,○,○,○,×,○,○,×,×,×,×,×,×,○,○,×,×,○
A54-6,○,○,○,×,○,○,×,×,×,×,×,×,○,×,○,×,○
A54-7,○,○,○,×,○,○,×,×,×,×,×,×,×,○,○,×,○
A54-8,○,○,○,×,○,○,×,×,×,×,×,×,○,○,○,×,○
A55-1,○,○,○,×,○,○,×,×,×,×,×,×,×,×,×,×,○
A55-2,○,○,○,×,○,○,×,×,×,×,×,×,○,×,×,×,○
A55-3,○,○,○,×,○,○,×,×,×,×,×,×,×,○,×,×,○
A55-4,○,○,○,×,○,○,×,×,×,×,×,×,×,×,○,×,○
A55-5,○,○,○,×,○,○,×,×,×,×,×,×,○,○,×,×,○
A55-6,○,○,○,×,○,○,×,×,×,×,×,×,○,×,○,×,○
A55-7,○,○,○,×,○,○,×,×,×,×,×,×,×,○,○,×,○
A55-8,○,○,○,×,○,○,×,×,×,×,×,×,○,○,○,×,○
A56-1,○,○,○,×,○,○,×,×,×,×,×,×,×,×,×,×,○
A56-2,○,○,○,×,○,○,×,×,×,×,×,×,○,×,×,×,○
A56-3,○,○,○,×,○,○,×,×,×,×,×,×,×,○,×,×,○
A56-4,○,○,○,×,○,○,×,×,×,×,×,×,×,×,○,×,○
A56-5,○,○,○,×,○,○,×,×,×,×,×,×,○,○,×,×,○
A56-6,○,○,○,×,○,○,×,×,×,×,×,×,○,×,○,×,○
A56-7,○,○,○,×,○,○,×,×,×,×,×,×,×,○,○,×,○
A56-8,○,○,○,×,○,○,×,×,×,×,×,×,○,○,○,×,○
A57-1,○,○,○,×,○,○,×,×,×,×,×,×,×,×,×,×,○
A57-2,○,○,○,×,○,○,×,×,×,×,×,×,○,×,×,×,○
A57-3,○,○,○,×,○,○,×,×,×,×,×,×,×,○,×,×,○
A57-4,○,○,○,×,○,○,×,×,×,×,×,×,×,×,○,×,○
A57-5,○,○,○,×,○,○,×,×,×,×,×,×,○,○,×,×,○
A57-6,○,○,○,×,○,○,×,×,×,×,×,×,○,×,○,×,○
A57-7,○,○,○,×,○,○,×,×,×,×,×,×,×,○,○,×,○
A57-8,○,○,○,×,○,○,×,×,×,×,×,×,○,○,○,×,○
A58-1,○,○,○,×,○,○,×,×,×,×,×,×,×,×,×,×,○
A58-2,○,○,○,×,○,○,×,×,×,×,×,×,○,×,×,×,○
A58-3,○,○,○,×,○,○,×,×,×,×,×,×,×,○,×,×,○
A58-4,○,○,○,×,○,○,×,×,×,×,×,×,×,×,○,×,○
A58-5,○,○,○,×,○,○,×,×,×,×,×,×,○,○,×,×,○
A58-6,○,○,○,×,○,○,×,×,×,×,×,×,○,×,○,×,○
A58-7,○,○,○,×,○,○,×,×,×,×,×,×,×,○,○,×,○
A58-8,○,○,○,×,○,○,×,×,×,×,×,×,○,○,○,×,○
A59-1,○,○,○,×,○,○,×,×,×,×,×,×,×,×,×,×,○
A59-2,○,○,○,×,○,○,×,×,×,×,×,×,○,×,×,×,○
A59-3,○,○,○,×,○,○,×,×,×,×,×,×,×,○,×,×,○
A59-4,○,○,○,×,○,○,×,×,×,×,×,×,×,×,○,×,○
A59-5,○,○,○,×,○,○,×,×,×,×,×,×,○,○,×,×,○
A59-6,○,○,○,×,○,○,×,×,×,×,×,×,○,×,○,×,○
A59-7,○,○,○,×,○,○,×,×,×,×,×,×,×,○,○,×,○
A59-8,○,○,○,×,○,○,×,×,×,×,×,×,○,○,○,×,○
A60-1,○,○,○,×,○,○,×,×,×,×,×,×,×,×,×,×,○
A60-2,○,○,○,×,○,○,×,×,×,×,×,×,○,×,×,×,○
A60-3,○,○,○,×,○,○,×,×,×,×,×,×,×,○,×,×,○
A60-4,○,○,○,×,○,○,×,×,×,×,×,×,×,×,○,×,○
A60-5,○,○,○,×,○,○,×,×,×,×,×,×,○,○,×,×,○
A60-6,○,○,○,×,○,○,×,×,×,×,×,×,○,×,○,×,○
A60-7,○,○,○,×,○,○,×,×,×,×,×,×,×,○,○,×,○
A60-8,○,○,○,×,○,○,×,×,×,×,×,×,○,○,○,×,○
A61-1,○,○,○,×,○,○,×,×,×,×,×,×,×,×,×,×,○
A61-2,○,○,○,×,○,○,×,×,×,×,×,×,○,×,×,×,○
A61-3,○,○,○,×,○,○,×,×,×,×,×,×,×,○,×,×,○
A61-4,○,○,○,×,○,○,×,×,×,×,×,×,×,×,○,×,○
A61-5,○,○,○,×,○,○,×,×,×,×,×,×,○,○,×,×,○
A61-6,○,○,○,×,○,○,×,×,×,×,×,×,○,×,○,×,○
A61-7,○,○,○,×,○,○,×,×,×,×,×,×,×,○,○,×,○
A61-8,○,○,○,×,○,○,×,×,×,×,×,×,○,○,○,×,○
A62-1,○,○,○,×,○,○,×,×,×,×,×,×,×,×,×,×,○
A62-2,○,○,○,×,○,○,×,×,×,×,×,×,○,×,×,×,○
A62-3,○,○,○,×,○,○,×,×,×,×,×,×,×,○,×,×,○
A62-4,○,○,○,×,○,○,×,×,×,×,×,×,×,×,○,×,○
A62-5,○,○,○,×,○,○,×,×,×,×,×,×,○,○,×,×,○
A62-6,○,○,○,×,○,○,×,×,×,×,×,×,○,×,○,×,○
A62-7,○,○,○,×,○,○,×,×,×,×,×,×,×,○,○,×,○
A62-8,○,○,○,×,○,○,×,×,×,×,×,×,○,○,○,×,○
A63-1,○,○,○,×,○,○,×,×,×,×,×,×,×,×,×,×,○
A63-2,○,○,○,×,○,○,×,×,×,×,×,×,○,×,×,×,○
A63-3,○,○,○,×,○,○,×,×,×,×,×,×,×,○,×,×,○
A63-4,○,○,○,×,○,○,×,×,×,×,×,×,×,×,○,×,○
A63-5,○,○,○,×,○,○,×,×,×,×,×,×,○,○,×,×,○
A63-6,○,○,○,×,○,○,×,×,×,×,×,×,○,×,○,×,○
A63-7,○,○,○,×,○,○,×,×,×,×,×,×,×,○,○,×,○
A63-8,○,○,○,×,○,○,×,×,×,×,×,×,○,○,○,×,○
A64-1,○,×,○,×,○,○,×,×,×,×,×,×,×,×,×,×,○
A64-2,○,×,○,×,○,○,×,×,×,×,×,×,○,×,×,×,○
A64-3,○,×,○,×,○,○,×,×,×,×,×,×,×,○,×,×,○
A64-4,○,×,○,×,○,○,×,×,×,×,×,×,×,×,○,×,○
A64-5,○,×,○,×,○,○,×,×,×,×,×,×,○,○,×,×,○
A64-6,○,×,○,×,○,○,×,×,×,×,×,×,○,×,○,×,○
A64-7,○,×,○,×,○,○,×,×,×,×,×,×,×,○,○,×,○
A64-8,○,×,○,×,○,○,×,×,×,×,×,×,○,○,○,×,○
A65-1,○,○,○,○,○,×,○,○,○,○,×,×,×,×,×,×,○
A65-2,○,○,○,○,○,×,○,○,○,○,×,×,○,×,×,×,○
A65-3,○,○,○,○,○,×,○,○,○,○,×,×,×,○,×,×,○
A65-4,○,○,○,○,○,×,○,○,○,○,×,×,×,×,○,×,○
A65-5,○,○,○,○,○,×,○,○,○,○,×,×,○,○,×,×,○
A65-6,○,○,○,○,○,×,○,○,○,○,×,×,○,×,○,×,○
A65-7,○,○,○,○,○,×,○,○,○,○,×,×,×,○,○,×,○
A65-8,○,○,○,○,○,×,○,○,○,○,×,×,○,○,○,×,○
A66-1,○,○,○,○,○,×,○,○,○,○,×,×,×,×,×,×,○
A66-2,○,○,○,○,○,×,○,○,○,○,×,×,○,×,×,×,○
A66-3,○,○,○,○,○,×,○,○,○,○,×,×,×,○,×,×,○
A66-4,○,○,○,○,○,×,○,○,○,○,×,×,×,×,○,×,○
A66-5,○,○,○,○,○,×,○,○,○,○,×,×,○,○,×,×,○
A66-6,○,○,○,○,○,×,○,○,○,○,×,×,○,×,○,×,○
A66-7,○,○,○,○,○,×,○,○,○,○,×,×,×,○,○,×,○
A66-8,○,○,○,○,○,×,○,○,○,○,×,×,○,○,○,×,○
A67-1,○,○,○,○,○,×,○,○,○,○,×,×,×,×,×,×,○
A67-2,○,○,○,○,○,×,○,○,○,○,×,×,○,×,×,×,○
A67-3,○,○,○,○,○,×,○,○,○,○,×,×,×,○,×,×,○
A67-4,○,○,○,○,○,×,○,○,○,○,×,×,×,×,○,×,○
A67-5,○,○,○,○,○,×,○,○,○,○,×,×,○,○,×,×,○
A67-6,○,○,○,○,○,×,○,○,○,○,×,×,○,×,○,×,○
A67-7,○,○,○,○,○,×,○,○,○,○,×,×,×,○,○,×,○
A67-8,○,○,○,○,○,×,○,○,○,○,×,×,○,○,○,×,○
A68-1,○,○,○,○,○,×,○,○,○,○,○,×,×,×,×,×,○
A68-2,○,○,○,○,○,×,○,○,○,○,○,×,○,×,×,×,○
A68-3,○,○,○,○,○,×,○,○,○,○,○,×,×,○,×,×,○
A68-4,○,○,○,○,○,×,○,○,○,○,○,×,×,×,○,×,○
A68-5,○,○,○,○,○,×,○,○,○,○,○,×,○,○,×,×,○
A68-6,○,○,○,○,○,×,○,○,○,○,○,×,○,×,○,×,○
A68-7,○,○,○,○,○,×,○,○,○,○,○,×,×,○,○,×,○
A68-8,○,○,○,○,○,×,○,○,○,○,○,×,○,○,○,×,○
A69-1,○,×,○,○,○,×,○,○,○,○,×,×,×,×,×,×,○
A69-2,○,×,○,○,○,×,○,○,○,○,×,×,○,×,×,×,○
A69-3,○,×,○,○,○,×,○,○,○,○,×,×,×,○,×,×,○
A69-4,○,×,○,○,○,×,○,○,○,○,×,×,×,×,○,×,○
A69-5,○,×,○,○,○,×,○,○,○,○,×,×,○,○,×,×,○
A69-6,○,×,○,○,○,×,○,○,○,○,×,×,○,×,○,×,○
A69-7,○,×,○,○,○,×,○,○,○,○,×,×,×,○,○,×,○
A69-8,○,×,○,○,○,×,○,○,○,○,×,×,○,○,○,×,○
A70-1,○,○,○,○,○,×,○,○,○,○,○,×,×,×,×,×,○
A70-2,○,○,○,○,○,×,○,○,○,○,○,×,○,×,×,×,○
A70-3,○,○,○,○,○,×,○,○,○,○,○,×,×,○,×,×,○
A70-4,○,○,○,○,○,×,○,○,○,○,○,×,×,×,○,×,○
A70-5,○,○,○,○,○,×,○,○,○,○,○,×,○,○,×,×,○
A70-6,○,○,○,○,○,×,○,○,○,○,○,×,○,×,○,×,○
A70-7,○,○,○,○,○,×,○,○,○,○,○,×,×,○,○,×,○
A70-8,○,○,○,○,○,×,○,○,○,○,○,×,○,○,○,×,○
A71-1,○,○,○,○,○,×,○,○,○,○,○,×,×,×,×,×,○
A71-2,○,○,○,○,○,×,○,○,○,○,○,×,○,×,×,×,○
A71-3,○,○,○,○,○,×,○,○,○,○,○,×,×,○,×,×,○
A71-4,○,○,○,○,○,×,○,○,○,○,○,×,×,×,○,×,○
A71-5,○,○,○,○,○,×,○,○,○,○,○,×,○,○,×,×,○
A71-6,○,○,○,○,○,×,○,○,○,○,○,×,○,×,○,×,○
A71-7,○,○,○,○,○,×,○,○,○,○,○,×,×,○,○,×,○
A71-8,○,○,○,○,○,×,○,○,○,○,○,×,○,○,○,×,○
A72-1,○,○,○,○,○,×,○,○,○,○,○,×,×,×,×,×,○
A72-2,○,○,○,○,○,×,○,○,○,○,○,×,○,×,×,×,○
A72-3,○,○,○,○,○,×,○,○,○,○,○,×,×,○,×,×,○
A72-4,○,○,○,○,○,×,○,○,○,○,○,×,×,×,○,×,○
A72-5,○,○,○,○,○,×,○,○,○,○,○,×,○,○,×,×,○
A72-6,○,○,○,○,○,×,○,○,○,○,○,×,○,×,○,×,○
A72-7,○,○,○,○,○,×,○,○,○,○,○,×,×,○,○,×,○
A72-8,○,○,○,○,○,×,○,○,○,○,○,×,○,○,○,×,○
A73-1,○,○,○,○,○,×,×,×,×,×,×,×,×,×,×,×,○
A73-2,○,○,○,○,○,×,×,×,×,×,×,×,○,×,×,×,○
A73-3,○,○,○,○,○,×,×,×,×,×,×,×,×,○,×,×,○
A73-4,○,○,○,○,○,×,×,×,×,×,×,×,×,×,○,×,○
A73-5,○,○,○,○,○,×,×,×,×,×,×,×,○,○,×,×,○
A73-6,○,○,○,○,○,×,×,×,×,×,×,×,○,×,○,×,○
A73-7,○,○,○,○,○,×,×,×,×,×,×,×,×,○,○,×,○
A73-8,○,○,○,○,○,×,×,×,×,×,×,×,○,○,○,×,○
A74-1,○,○,○,○,○,×,×,×,×,×,×,×,×,×,×,×,○
A74-2,○,○,○,○,○,×,×,×,×,×,×,×,○,×,×,×,○
A74-3,○,○,○,○,○,×,×,×,×,×,×,×,×,○,×,×,○
A74-4,○,○,○,○,○,×,×,×,×,×,×,×,×,×,○,×,○
A74-5,○,○,○,○,○,×,×,×,×,×,×,×,○,○,×,×,○
A74-6,○,○,○,○,○,×,×,×,×,×,×,×,○,×,○,×,○
A74-7,○,○,○,○,○,×,×,×,×,×,×,×,×,○,○,×,○
A74-8,○,○,○,○,○,×,×,×,×,×,×,×,○,○,○,×,○
A75-1,○,○,○,○,○,×,×,×,×,×,×,×,×,×,×,×,○
A75-2,○,○,○,○,○,×,×,×,×,×,×,×,○,×,×,×,○
A75-3,○,○,○,○,○,×,×,×,×,×,×,×,×,○,×,×,○
A75-4,○,○,○,○,○,×,×,×,×,×,×,×,×,×,○,×,○
A75-5,○,○,○,○,○,×,×,×,×,×,×,×,○,○,×,×,○
A75-6,○,○,○,○,○,×,×,×,×,×,×,×,○,×,○,×,○
A75-7,○,○,○,○,○,×,×,×,×,×,×,×,×,○,○,×,○
A75-8,○,○,○,○,○,×,×,×,×,×,×,×,○,○,○,×,○
A76-1,○,×,○,○,○,×,×,×,×,×,×,×,×,×,×,×,○
A76-2,○,×,○,○,○,×,×,×,×,×,×,×,○,×,×,×,○
A76-3,○,×,○,○,○,×,×,×,×,×,×,×,×,○,×,×,○
A76-4,○,×,○,○,○,×,×,×,×,×,×,×,×,×,○,×,○
A76-5,○,×,○,○,○,×,×,×,×,×,×,×,○,○,×,×,○
A76-6,○,×,○,○,○,×,×,×,×,×,×,×,○,×,○,×,○
A76-7,○,×,○,○,○,×,×,×,×,×,×,×,×,○,○,×,○
A76-8,○,×,○,○,○,×,×,×,×,×,×,×,○,○,○,×,○
A77-1,○,○,○,○,○,×,×,×,×,×,×,×,×,×,×,×,○
A77-2,○,○,○,○,○,×,×,×,×,×,×,×,○,×,×,×,○
A77-3,○,○,○,○,○,×,×,×,×,×,×,×,×,○,×,×,○
A77-4,○,○,○,○,○,×,×,×,×,×,×,×,×,×,○,×,○
A77-5,○,○,○,○,○,×,×,×,×,×,×,×,○,○,×,×,○
A77-6,○,○,○,○,○,×,×,×,×,×,×,×,○,×,○,×,○
A77-7,○,○,○,○,○,×,×,×,×,×,×,×,×,○,○,×,○
A77-8,○,○,○,○,○,×,×,×,×,×,×,×,○,○,○,×,○
A78-1,○,○,○,○,○,×,×,×,×,×,×,×,×,×,×,×,○
A78-2,○,○,○,○,○,×,×,×,×,×,×,×,○,×,×,×,○
A78-3,○,○,○,○,○,×,×,×,×,×,×,×,×,○,×,×,○
A78-4,○,○,○,○,○,×,×,×,×,×,×,×,×,×,○,×,○
A78-5,○,○,○,○,○,×,×,×,×,×,×,×,○,○,×,×,○
A78-6,○,○,○,○,○,×,×,×,×,×,×,×,○,×,○,×,○
A78-7,○,○,○,○,○,×,×,×,×,×,×,×,×,○,○,×,○
A78-8,○,○,○,○,○,×,×,×,×,×,×,×,○,○,○,×,○
A79-1,○,○,○,○,○,×,×,×,×,×,×,×,×,×,×,×,○
A79-2,○,○,○,○,○,×,×,×,×,×,×,×,○,×,×,×,○
A79-3,○,○,○,○,○,×,×,×,×,×,×,×,×,○,×,×,○
A79-4,○,○,○,○,○,×,×,×,×,×,×,×,×,×,○,×,○
A79-5,○,○,○,○,○,×,×,×,×,×,×,×,○,○,×,×,○
A79-6,○,○,○,○,○,×,×,×,×,×,×,×,○,×,○,×,○
A79-7,○,○,○,○,○,×,×,×,×,×,×,×,×,○,○,×,○
A79-8,○,○,○,○,○,×,×,×,×,×,×,×,○,○,○,×,○
A80-1,○,×,○,○,○,×,×,×,×,×,×,×,×,×,×,×,○
A80-2,○,×,○,○,○,×,×,×,×,×,×,×,○,×,×,×,○
A80-3,○,×,○,○,○,×,×,×,×,×,×,×,×,○,×,×,○
A80-4,○,×,○,○,○,×,×,×,×,×,×,×,×,×,○,×,○
A80-5,○,×,○,○,○,×,×,×,×,×,×,×,○,○,×,×,○
A80-6,○,×,○,○,○,×,×,×,×,×,×,×,○,×,○,×,○
A80-7,○,×,○,○,○,×,×,×,×,×,×,×,×,○,○,×,○
A80-8,○,×,○,○,○,×,×,×,×,×,×,×,○,○,○,×,○
A81-1,○,○,○,○,○,×,×,×,×,×,×,×,×,×,×,×,○
A81-2,○,○,○,○,○,×,×,×,×,×,×,×,○,×,×,×,○
A81-3,○,○,○,○,○,×,×,×,×,×,×,×,×,○,×,×,○
A81-4,○,○,○,○,○,×,×,×,×,×,×,×,×,×,○,×,○
A81-5,○,○,○,○,○,×,×,×,×,×,×,×,○,○,×,×,○
A81-6,○,○,○,○,○,×,×,×,×,×,×,×,○,×,○,×,○
A81-7,○,○,○,○,○,×,×,×,×,×,×,×,×,○,○,×,○
A81-8,○,○,○,○,○,×,×,×,×,×,×,×,○,○,○,×,○
A82-1,○,○,○,○,○,×,×,×,×,×,×,×,×,×,×,×,○
A82-2,○,○,○,○,○,×,×,×,×,×,×,×,○,×,×,×,○
A82-3,○,○,○,○,○,×,×,×,×,×,×,×,×,○,×,×,○
A82-4,○,○,○,○,○,×,×,×,×,×,×,×,×,×,○,×,○
A82-5,○,○,○,○,○,×,×,×,×,×,×,×,○,○,×,×,○
A82-6,○,○,○,○,○,×,×,×,×,×,×,×,○,×,○,×,○
A82-7,○,○,○,○,○,×,×,×,×,×,×,×,×,○,○,×,○
A82-8,○,○,○,○,○,×,×,×,×,×,×,×,○,○,○,×,○
A83-1,○,○,○,○,○,×,×,×,×,×,×,×,×,×,×,×,○
A83-2,○,○,○,○,○,×,×,×,×,×,×,×,○,×,×,×,○
A83-3,○,○,○,○,○,×,×,×,×,×,×,×,×,○,×,×,○
A83-4,○,○,○,○,○,×,×,×,×,×,×,×,×,×,○,×,○
A83-5,○,○,○,○,○,×,×,×,×,×,×,×,○,○,×,×,○
A83-6,○,○,○,○,○,×,×,×,×,×,×,×,○,×,○,×,○
A83-7,○,○,○,○,○,×,×,×,×,×,×,×,×,○,○,×,○
A83-8,○,○,○,○,○,×,×,×,×,×,×,×,○,○,○,×,○
A84-1,○,×,○,○,○,×,×,×,×,×,×,×,×,×,×,×,○
A84-2,○,×,○,○,○,×,×,×,×,×,×,×,○,×,×,×,○
A84-3,○,×,○,○,○,×,×,×,×,×,×,×,×,○,×,×,○
A84-4,○,×,○,○,○,×,×,×,×,×,×,×,×,×,○,×,○
A84-5,○,×,○,○,○,×,×,×,×,×,×,×,○,○,×,×,○
A84-6,○,×,○,○,○,×,×,×,×,×,×,×,○,×,○,×,○
A84-7,○,×,○,○,○,×,×,×,×,×,×,×,×,○,○,×,○
A84-8,○,×,○,○,○,×,×,×,×,×,×,×,○,○,○,×,○
B1-1,○,×,○,×,×,×,×,×,×,×,×,×,×,×,×,×,×
B1-2,○,×,○,×,×,×,×,×,×,×,×,×,○,×,×,×,×
B1-3,○,×,○,×,×,×,×,×,×,×,×,×,×,○,×,×,×
B1-4,○,×,○,×,×,×,×,×,×,×,×,×,×,×,○,×,×
B1-5,○,×,○,×,×,×,×,×,×,×,×,×,○,○,×,×,×
B1-6,○,×,○,×,×,×,×,×,×,×,×,×,○,×,○,×,×
B1-7,○,×,○,×,×,×,×,×,×,×,×,×,×,○,○,×,×
B1-8,○,×,○,×,×,×,×,×,×,×,×,×,○,○,○,×,×
B2-1,○,○,○,×,×,×,×,×,×,×,×,×,×,×,×,×,×
B2-2,○,○,○,×,×,×,×,×,×,×,×,×,○,×,×,×,×
B2-3,○,○,○,×,×,×,×,×,×,×,×,×,×,○,×,×,×
B2-4,○,○,○,×,×,×,×,×,×,×,×,×,×,×,○,×,×
B2-5,○,○,○,×,×,×,×,×,×,×,×,×,○,○,×,×,×
B2-6,○,○,○,×,×,×,×,×,×,×,×,×,○,×,○,×,×
B2-7,○,○,○,×,×,×,×,×,×,×,×,×,×,○,○,×,×
B2-8,○,○,○,×,×,×,×,×,×,×,×,×,○,○,○,×,×
B3-1,○,○,○,×,×,○,×,×,×,×,×,○,×,×,×,×,○
B3-2,○,○,○,×,×,○,×,×,×,×,×,○,○,×,×,×,○
B3-3,○,○,○,×,×,○,×,×,×,×,×,○,×,○,×,×,○
B3-4,○,○,○,×,×,○,×,×,×,×,×,○,×,×,○,×,○
B3-5,○,○,○,×,×,○,×,×,×,×,×,○,○,○,×,×,○
B3-6,○,○,○,×,×,○,×,×,×,×,×,○,○,×,○,×,○
B3-7,○,○,○,×,×,○,×,×,×,×,×,○,×,○,○,×,○
B3-8,○,○,○,×,×,○,×,×,×,×,×,○,○,○,○,×,○
B4-1,○,○,○,×,×,○,×,×,×,×,×,○,×,×,×,×,○
B4-2,○,○,○,×,×,○,×,×,×,×,×,○,○,×,×,×,○
B4-3,○,○,○,×,×,○,×,×,×,×,×,○,×,○,×,×,○
B4-4,○,○,○,×,×,○,×,×,×,×,×,○,×,×,○,×,○
B4-5,○,○,○,×,×,○,×,×,×,×,×,○,○,○,×,×,○
B4-6,○,○,○,×,×,○,×,×,×,×,×,○,○,×,○,×,○
B4-7,○,○,○,×,×,○,×,×,×,×,×,○,×,○,○,×,○
B4-8,○,○,○,×,×,○,×,×,×,×,×,○,○,○,○,×,○
B5-1,○,○,○,×,×,○,×,×,×,×,×,○,×,×,×,×,○
B5-2,○,○,○,×,×,○,×,×,×,×,×,○,○,×,×,×,○
B5-3,○,○,○,×,×,○,×,×,×,×,×,○,×,○,×,×,○
B5-4,○,○,○,×,×,○,×,×,×,×,×,○,×,×,○,×,○
B5-5,○,○,○,×,×,○,×,×,×,×,×,○,○,○,×,×,○
B5-6,○,○,○,×,×,○,×,×,×,×,×,○,○,×,○,×,○
B5-7,○,○,○,×,×,○,×,×,×,×,×,○,×,○,○,×,○
B5-8,○,○,○,×,×,○,×,×,×,×,×,○,○,○,○,×,○
B6-1,○,×,○,×,×,○,×,×,×,×,×,○,×,×,×,×,○
B6-2,○,×,○,×,×,○,×,×,×,×,×,○,○,×,×,×,○
B6-3,○,×,○,×,×,○,×,×,×,×,×,○,×,○,×,×,○
B6-4,○,×,○,×,×,○,×,×,×,×,×,○,×,×,○,×,○
B6-5,○,×,○,×,×,○,×,×,×,×,×,○,○,○,×,×,○
B6-6,○,×,○,×,×,○,×,×,×,×,×,○,○,×,○,×,○
B6-7,○,×,○,×,×,○,×,×,×,×,×,○,×,○,○,×,○
B6-8,○,×,○,×,×,○,×,×,×,×,×,○,○,○,○,×,○
B7-1,○,○,○,○,×,×,×,×,×,×,×,○,×,×,×,×,○
B7-2,○,○,○,○,×,×,×,×,×,×,×,○,○,×,×,×,○
B7-3,○,○,○,○,×,×,×,×,×,×,×,○,×,○,×,×,○
B7-4,○,○,○,○,×,×,×,×,×,×,×,○,×,×,○,×,○
B7-5,○,○,○,○,×,×,×,×,×,×,×,○,○,○,×,×,○
B7-6,○,○,○,○,×,×,×,×,×,×,×,○,○,×,○,×,○
B7-7,○,○,○,○,×,×,×,×,×,×,×,○,×,○,○,×,○
B7-8,○,○,○,○,×,×,×,×,×,×,×,○,○,○,○,×,○
B8-1,○,○,○,○,×,×,×,×,×,×,×,○,×,×,×,×,○
B8-2,○,○,○,○,×,×,×,×,×,×,×,○,○,×,×,×,○
B8-3,○,○,○,○,×,×,×,×,×,×,×,○,×,○,×,×,○
B8-4,○,○,○,○,×,×,×,×,×,×,×,○,×,×,○,×,○
B8-5,○,○,○,○,×,×,×,×,×,×,×,○,○,○,×,×,○
B8-6,○,○,○,○,×,×,×,×,×,×,×,○,○,×,○,×,○
B8-7,○,○,○,○,×,×,×,×,×,×,×,○,×,○,○,×,○
B8-8,○,○,○,○,×,×,×,×,×,×,×,○,○,○,○,×,○
B9-1,○,○,○,○,×,×,×,×,×,×,×,○,×,×,×,×,○
B9-2,○,○,○,○,×,×,×,×,×,×,×,○,○,×,×,×,○
B9-3,○,○,○,○,×,×,×,×,×,×,×,○,×,○,×,×,○
B9-4,○,○,○,○,×,×,×,×,×,×,×,○,×,×,○,×,○
B9-5,○,○,○,○,×,×,×,×,×,×,×,○,○,○,×,×,○
B9-6,○,○,○,○,×,×,×,×,×,×,×,○,○,×,○,×,○
B9-7,○,○,○,○,×,×,×,×,×,×,×,○,×,○,○,×,○
B9-8,○,○,○,○,×,×,×,×,×,×,×,○,○,○,○,×,○
B10-1,○,×,○,○,×,×,×,×,×,×,×,○,×,×,×,×,○
B10-2,○,×,○,○,×,×,×,×,×,×,×,○,○,×,×,×,○
B10-3,○,×,○,○,×,×,×,×,×,×,×,○,×,○,×,×,○
B10-4,○,×,○,○,×,×,×,×,×,×,×,○,×,×,○,×,○
B10-5,○,×,○,○,×,×,×,×,×,×,×,○,○,○,×,×,○
B10-6,○,×,○,○,×,×,×,×,×,×,×,○,○,×,○,×,○
B10-7,○,×,○,○,×,×,×,×,×,×,×,○,×,○,○,×,○
B10-8,○,×,○,○,×,×,×,×,×,×,×,○,○,○,○,×,○
B11-1,○,×,○,×,○,×,×,×,×,×,×,×,×,×,×,×,○
B11-2,○,×,○,×,○,×,×,×,×,×,×,×,○,×,×,×,○
B11-3,○,×,○,×,○,×,×,×,×,×,×,×,×,○,×,×,○
B11-4,○,×,○,×,○,×,×,×,×,×,×,×,×,×,○,×,○
B11-5,○,×,○,×,○,×,×,×,×,×,×,×,○,○,×,×,○
B11-6,○,×,○,×,○,×,×,×,×,×,×,×,○,×,○,×,○
B11-7,○,×,○,×,○,×,×,×,×,×,×,×,×,○,○,×,○
B11-8,○,×,○,×,○,×,×,×,×,×,×,×,○,○,○,×,○
B12-1,○,○,○,×,○,×,×,×,×,×,×,×,×,×,×,×,○
B12-2,○,○,○,×,○,×,×,×,×,×,×,×,○,×,×,×,○
B12-3,○,○,○,×,○,×,×,×,×,×,×,×,×,○,×,×,○
B12-4,○,○,○,×,○,×,×,×,×,×,×,×,×,×,○,×,○
B12-5,○,○,○,×,○,×,×,×,×,×,×,×,○,○,×,×,○
B12-6,○,○,○,×,○,×,×,×,×,×,×,×,○,×,○,×,○
B12-7,○,○,○,×,○,×,×,×,×,×,×,×,×,○,○,×,○
B12-8,○,○,○,×,○,×,×,×,×,×,×,×,○,○,○,×,○
B13-1,○,○,○,×,○,○,×,×,×,×,×,○,×,×,×,×,○
B13-2,○,○,○,×,○,○,×,×,×,×,×,○,○,×,×,×,○
B13-3,○,○,○,×,○,○,×,×,×,×,×,○,×,○,×,×,○
B13-4,○,○,○,×,○,○,×,×,×,×,×,○,×,×,○,×,○
B13-5,○,○,○,×,○,○,×,×,×,×,×,○,○,○,×,×,○
B13-6,○,○,○,×,○,○,×,×,×,×,×,○,○,×,○,×,○
B13-7,○,○,○,×,○,○,×,×,×,×,×,○,×,○,○,×,○
B13-8,○,○,○,×,○,○,×,×,×,×,×,○,○,○,○,×,○
B14-1,○,○,○,×,○,○,×,×,×,×,×,○,×,×,×,×,○
B14-2,○,○,○,×,○,○,×,×,×,×,×,○,○,×,×,×,○
B14-3,○,○,○,×,○,○,×,×,×,×,×,○,×,○,×,×,○
B14-4,○,○,○,×,○,○,×,×,×,×,×,○,×,×,○,×,○
B14-5,○,○,○,×,○,○,×,×,×,×,×,○,○,○,×,×,○
B14-6,○,○,○,×,○,○,×,×,×,×,×,○,○,×,○,×,○
B14-7,○,○,○,×,○,○,×,×,×,×,×,○,×,○,○,×,○
B14-8,○,○,○,×,○,○,×,×,×,×,×,○,○,○,○,×,○
B15-1,○,○,○,×,○,○,×,×,×,×,×,○,×,×,×,×,○
B15-2,○,○,○,×,○,○,×,×,×,×,×,○,○,×,×,×,○
B15-3,○,○,○,×,○,○,×,×,×,×,×,○,×,○,×,×,○
B15-4,○,○,○,×,○,○,×,×,×,×,×,○,×,×,○,×,○
B15-5,○,○,○,×,○,○,×,×,×,×,×,○,○,○,×,×,○
B15-6,○,○,○,×,○,○,×,×,×,×,×,○,○,×,○,×,○
B15-7,○,○,○,×,○,○,×,×,×,×,×,○,×,○,○,×,○
B15-8,○,○,○,×,○,○,×,×,×,×,×,○,○,○,○,×,○
B16-1,○,×,○,×,○,○,×,×,×,×,×,○,×,×,×,×,○
B16-2,○,×,○,×,○,○,×,×,×,×,×,○,○,×,×,×,○
B16-3,○,×,○,×,○,○,×,×,×,×,×,○,×,○,×,×,○
B16-4,○,×,○,×,○,○,×,×,×,×,×,○,×,×,○,×,○
B16-5,○,×,○,×,○,○,×,×,×,×,×,○,○,○,×,×,○
B16-6,○,×,○,×,○,○,×,×,×,×,×,○,○,×,○,×,○
B16-7,○,×,○,×,○,○,×,×,×,×,×,○,×,○,○,×,○
B16-8,○,×,○,×,○,○,×,×,×,×,×,○,○,○,○,×,○
B17-1,○,○,○,○,○,×,×,×,×,×,×,○,×,×,×,×,○
B17-2,○,○,○,○,○,×,×,×,×,×,×,○,○,×,×,×,○
B17-3,○,○,○,○,○,×,×,×,×,×,×,○,×,○,×,×,○
B17-4,○,○,○,○,○,×,×,×,×,×,×,○,×,×,○,×,○
B17-5,○,○,○,○,○,×,×,×,×,×,×,○,○,○,×,×,○
B17-6,○,○,○,○,○,×,×,×,×,×,×,○,○,×,○,×,○
B17-7,○,○,○,○,○,×,×,×,×,×,×,○,×,○,○,×,○
B17-8,○,○,○,○,○,×,×,×,×,×,×,○,○,○,○,×,○
B18-1,○,○,○,○,○,×,×,×,×,×,×,○,×,×,×,×,○
B18-2,○,○,○,○,○,×,×,×,×,×,×,○,○,×,×,×,○
B18-3,○,○,○,○,○,×,×,×,×,×,×,○,×,○,×,×,○
B18-4,○,○,○,○,○,×,×,×,×,×,×,○,×,×,○,×,○
B18-5,○,○,○,○,○,×,×,×,×,×,×,○,○,○,×,×,○
B18-6,○,○,○,○,○,×,×,×,×,×,×,○,○,×,○,×,○
B18-7,○,○,○,○,○,×,×,×,×,×,×,○,×,○,○,×,○
B18-8,○,○,○,○,○,×,×,×,×,×,×,○,○,○,○,×,○
B19-1,○,○,○,○,○,×,×,×,×,×,×,○,×,×,×,×,○
B19-2,○,○,○,○,○,×,×,×,×,×,×,○,○,×,×,×,○
B19-3,○,○,○,○,○,×,×,×,×,×,×,○,×,○,×,×,○
B19-4,○,○,○,○,○,×,×,×,×,×,×,○,×,×,○,×,○
B19-5,○,○,○,○,○,×,×,×,×,×,×,○,○,○,×,×,○
B19-6,○,○,○,○,○,×,×,×,×,×,×,○,○,×,○,×,○
B19-7,○,○,○,○,○,×,×,×,×,×,×,○,×,○,○,×,○
B19-8,○,○,○,○,○,×,×,×,×,×,×,○,○,○,○,×,○
B20-1,○,×,○,○,○,×,×,×,×,×,×,○,×,×,×,×,○
B20-2,○,×,○,○,○,×,×,×,×,×,×,○,○,×,×,×,○
B20-3,○,×,○,○,○,×,×,×,×,×,×,○,×,○,×,×,○
B20-4,○,×,○,○,○,×,×,×,×,×,×,○,×,×,○,×,○
B20-5,○,×,○,○,○,×,×,×,×,×,×,○,○,○,×,×,○
B20-6,○,×,○,○,○,×,×,×,×,×,×,○,○,×,○,×,○
B20-7,○,×,○,○,○,×,×,×,×,×,×,○,×,○,○,×,○
B20-8,○,×,○,○,○,×,×,×,×,×,×,○,○,○,○,×,○
B21-1,○,○,○,×,×,×,×,×,×,×,○,×,×,×,×,×,○
B21-2,○,○,○,×,×,×,×,×,×,×,○,×,○,×,×,×,○
B21-3,○,○,○,×,×,×,×,×,×,×,○,×,×,○,×,×,○
B21-4,○,○,○,×,×,×,×,×,×,×,○,×,×,×,○,×,○
B21-5,○,○,○,×,×,×,×,×,×,×,○,×,○,○,×,×,○
B21-6,○,○,○,×,×,×,×,×,×,×,○,×,○,×,○,×,○
B21-7,○,○,○,×,×,×,×,×,×,×,○,×,×,○,○,×,○
B21-8,○,○,○,×,×,×,×,×,×,×,○,×,○,○,○,×,○
B22-1,○,○,○,×,×,×,×,×,×,×,○,×,×,×,×,×,○
B22-2,○,○,○,×,×,×,×,×,×,×,○,×,○,×,×,×,○
B22-3,○,○,○,×,×,×,×,×,×,×,○,×,×,○,×,×,○
B22-4,○,○,○,×,×,×,×,×,×,×,○,×,×,×,○,×,○
B22-5,○,○,○,×,×,×,×,×,×,×,○,×,○,○,×,×,○
B22-6,○,○,○,×,×,×,×,×,×,×,○,×,○,×,○,×,○
B22-7,○,○,○,×,×,×,×,×,×,×,○,×,×,○,○,×,○
B22-8,○,○,○,×,×,×,×,×,×,×,○,×,○,○,○,×,○
B23-1,○,○,○,×,×,○,×,×,×,×,○,○,×,×,×,×,○
B23-2,○,○,○,×,×,○,×,×,×,×,○,○,○,×,×,×,○
B23-3,○,○,○,×,×,○,×,×,×,×,○,○,×,○,×,×,○
B23-4,○,○,○,×,×,○,×,×,×,×,○,○,×,×,○,×,○
B23-5,○,○,○,×,×,○,×,×,×,×,○,○,○,○,×,×,○
B23-6,○,○,○,×,×,○,×,×,×,×,○,○,○,×,○,×,○
B23-7,○,○,○,×,×,○,×,×,×,×,○,○,×,○,○,×,○
B23-8,○,○,○,×,×,○,×,×,×,×,○,○,○,○,○,×,○
B24-1,○,○,○,×,×,○,×,×,×,×,○,○,×,×,×,×,○
B24-2,○,○,○,×,×,○,×,×,×,×,○,○,○,×,×,×,○
B24-3,○,○,○,×,×,○,×,×,×,×,○,○,×,○,×,×,○
B24-4,○,○,○,×,×,○,×,×,×,×,○,○,×,×,○,×,○
B24-5,○,○,○,×,×,○,×,×,×,×,○,○,○,○,×,×,○
B24-6,○,○,○,×,×,○,×,×,×,×,○,○,○,×,○,×,○
B24-7,○,○,○,×,×,○,×,×,×,×,○,○,×,○,○,×,○
B24-8,○,○,○,×,×,○,×,×,×,×,○,○,○,○,○,×,○
B25-1,○,○,○,×,×,○,×,×,×,×,○,○,×,×,×,×,○
B25-2,○,○,○,×,×,○,×,×,×,×,○,○,○,×,×,×,○
B25-3,○,○,○,×,×,○,×,×,×,×,○,○,×,○,×,×,○
B25-4,○,○,○,×,×,○,×,×,×,×,○,○,×,×,○,×,○
B25-5,○,○,○,×,×,○,×,×,×,×,○,○,○,○,×,×,○
B25-6,○,○,○,×,×,○,×,×,×,×,○,○,○,×,○,×,○
B25-7,○,○,○,×,×,○,×,×,×,×,○,○,×,○,○,×,○
B25-8,○,○,○,×,×,○,×,×,×,×,○,○,○,○,○,×,○
B26-1,○,○,○,×,×,○,×,×,×,×,○,○,×,×,×,×,○
B26-2,○,○,○,×,×,○,×,×,×,×,○,○,○,×,×,×,○
B26-3,○,○,○,×,×,○,×,×,×,×,○,○,×,○,×,×,○
B26-4,○,○,○,×,×,○,×,×,×,×,○,○,×,×,○,×,○
B26-5,○,○,○,×,×,○,×,×,×,×,○,○,○,○,×,×,○
B26-6,○,○,○,×,×,○,×,×,×,×,○,○,○,×,○,×,○
B26-7,○,○,○,×,×,○,×,×,×,×,○,○,×,○,○,×,○
B26-8,○,○,○,×,×,○,×,×,×,×,○,○,○,○,○,×,○
B27-1,○,○,○,○,×,×,×,×,×,×,○,○,×,×,×,×,○
B27-2,○,○,○,○,×,×,×,×,×,×,○,○,○,×,×,×,○
B27-3,○,○,○,○,×,×,×,×,×,×,○,○,×,○,×,×,○
B27-4,○,○,○,○,×,×,×,×,×,×,○,○,×,×,○,×,○
B27-5,○,○,○,○,×,×,×,×,×,×,○,○,○,○,×,×,○
B27-6,○,○,○,○,×,×,×,×,×,×,○,○,○,×,○,×,○
B27-7,○,○,○,○,×,×,×,×,×,×,○,○,×,○,○,×,○
B27-8,○,○,○,○,×,×,×,×,×,×,○,○,○,○,○,×,○
B28-1,○,○,○,○,×,×,×,×,×,×,○,○,×,×,×,×,○
B28-2,○,○,○,○,×,×,×,×,×,×,○,○,○,×,×,×,○
B28-3,○,○,○,○,×,×,×,×,×,×,○,○,×,○,×,×,○
B28-4,○,○,○,○,×,×,×,×,×,×,○,○,×,×,○,×,○
B28-5,○,○,○,○,×,×,×,×,×,×,○,○,○,○,×,×,○
B28-6,○,○,○,○,×,×,×,×,×,×,○,○,○,×,○,×,○
B28-7,○,○,○,○,×,×,×,×,×,×,○,○,×,○,○,×,○
B28-8,○,○,○,○,×,×,×,×,×,×,○,○,○,○,○,×,○
B29-1,○,○,○,○,×,×,×,×,×,×,○,○,×,×,×,×,○
B29-2,○,○,○,○,×,×,×,×,×,×,○,○,○,×,×,×,○
B29-3,○,○,○,○,×,×,×,×,×,×,○,○,×,○,×,×,○
B29-4,○,○,○,○,×,×,×,×,×,×,○,○,×,×,○,×,○
B29-5,○,○,○,○,×,×,×,×,×,×,○,○,○,○,×,×,○
B29-6,○,○,○,○,×,×,×,×,×,×,○,○,○,×,○,×,○
B29-7,○,○,○,○,×,×,×,×,×,×,○,○,×,○,○,×,○
B29-8,○,○,○,○,×,×,×,×,×,×,○,○,○,○,○,×,○
B30-1,○,○,○,○,×,×,×,×,×,×,○,○,×,×,×,×,○
B30-2,○,○,○,○,×,×,×,×,×,×,○,○,○,×,×,×,○
B30-3,○,○,○,○,×,×,×,×,×,×,○,○,×,○,×,×,○
B30-4,○,○,○,○,×,×,×,×,×,×,○,○,×,×,○,×,○
B30-5,○,○,○,○,×,×,×,×,×,×,○,○,○,○,×,×,○
B30-6,○,○,○,○,×,×,×,×,×,×,○,○,○,×,○,×,○
B30-7,○,○,○,○,×,×,×,×,×,×,○,○,×,○,○,×,○
B30-8,○,○,○,○,×,×,×,×,×,×,○,○,○,○,○,×,○
B31-1,○,○,○,×,○,×,×,×,×,×,○,×,×,×,×,×,○
B31-2,○,○,○,×,○,×,×,×,×,×,○,×,○,×,×,×,○
B31-3,○,○,○,×,○,×,×,×,×,×,○,×,×,○,×,×,○
B31-4,○,○,○,×,○,×,×,×,×,×,○,×,×,×,○,×,○
B31-5,○,○,○,×,○,×,×,×,×,×,○,×,○,○,×,×,○
B31-6,○,○,○,×,○,×,×,×,×,×,○,×,○,×,○,×,○
B31-7,○,○,○,×,○,×,×,×,×,×,○,×,×,○,○,×,○
B31-8,○,○,○,×,○,×,×,×,×,×,○,×,○,○,○,×,○
B32-1,○,○,○,×,○,×,×,×,×,×,○,×,×,×,×,×,○
B32-2,○,○,○,×,○,×,×,×,×,×,○,×,○,×,×,×,○
B32-3,○,○,○,×,○,×,×,×,×,×,○,×,×,○,×,×,○
B32-4,○,○,○,×,○,×,×,×,×,×,○,×,×,×,○,×,○
B32-5,○,○,○,×,○,×,×,×,×,×,○,×,○,○,×,×,○
B32-6,○,○,○,×,○,×,×,×,×,×,○,×,○,×,○,×,○
B32-7,○,○,○,×,○,×,×,×,×,×,○,×,×,○,○,×,○
B32-8,○,○,○,×,○,×,×,×,×,×,○,×,○,○,○,×,○
B33-1,○,○,○,×,○,○,×,×,×,×,○,○,×,×,×,×,○
B33-2,○,○,○,×,○,○,×,×,×,×,○,○,○,×,×,×,○
B33-3,○,○,○,×,○,○,×,×,×,×,○,○,×,○,×,×,○
B33-4,○,○,○,×,○,○,×,×,×,×,○,○,×,×,○,×,○
B33-5,○,○,○,×,○,○,×,×,×,×,○,○,○,○,×,×,○
B33-6,○,○,○,×,○,○,×,×,×,×,○,○,○,×,○,×,○
B33-7,○,○,○,×,○,○,×,×,×,×,○,○,×,○,○,×,○
B33-8,○,○,○,×,○,○,×,×,×,×,○,○,○,○,○,×,○
B34-1,○,○,○,×,○,○,×,×,×,×,○,○,×,×,×,×,○
B34-2,○,○,○,×,○,○,×,×,×,×,○,○,○,×,×,×,○
B34-3,○,○,○,×,○,○,×,×,×,×,○,○,×,○,×,×,○
B34-4,○,○,○,×,○,○,×,×,×,×,○,○,×,×,○,×,○
B34-5,○,○,○,×,○,○,×,×,×,×,○,○,○,○,×,×,○
B34-6,○,○,○,×,○,○,×,×,×,×,○,○,○,×,○,×,○
B34-7,○,○,○,×,○,○,×,×,×,×,○,○,×,○,○,×,○
B34-8,○,○,○,×,○,○,×,×,×,×,○,○,○,○,○,×,○
B35-1,○,○,○,×,○,○,×,×,×,×,○,○,×,×,×,×,○
B35-2,○,○,○,×,○,○,×,×,×,×,○,○,○,×,×,×,○
B35-3,○,○,○,×,○,○,×,×,×,×,○,○,×,○,×,×,○
B35-4,○,○,○,×,○,○,×,×,×,×,○,○,×,×,○,×,○
B35-5,○,○,○,×,○,○,×,×,×,×,○,○,○,○,×,×,○
B35-6,○,○,○,×,○,○,×,×,×,×,○,○,○,×,○,×,○
B35-7,○,○,○,×,○,○,×,×,×,×,○,○,×,○,○,×,○
B35-8,○,○,○,×,○,○,×,×,×,×,○,○,○,○,○,×,○
B36-1,○,○,○,×,○,○,×,×,×,×,○,○,×,×,×,×,○
B36-2,○,○,○,×,○,○,×,×,×,×,○,○,○,×,×,×,○
B36-3,○,○,○,×,○,○,×,×,×,×,○,○,×,○,×,×,○
B36-4,○,○,○,×,○,○,×,×,×,×,○,○,×,×,○,×,○
B36-5,○,○,○,×,○,○,×,×,×,×,○,○,○,○,×,×,○
B36-6,○,○,○,×,○,○,×,×,×,×,○,○,○,×,○,×,○
B36-7,○,○,○,×,○,○,×,×,×,×,○,○,×,○,○,×,○
B36-8,○,○,○,×,○,○,×,×,×,×,○,○,○,○,○,×,○
B37-1,○,○,○,○,○,×,×,×,×,×,○,○,×,×,×,×,○
B37-2,○,○,○,○,○,×,×,×,×,×,○,○,○,×,×,×,○
B37-3,○,○,○,○,○,×,×,×,×,×,○,○,×,○,×,×,○
B37-4,○,○,○,○,○,×,×,×,×,×,○,○,×,×,○,×,○
B37-5,○,○,○,○,○,×,×,×,×,×,○,○,○,○,×,×,○
B37-6,○,○,○,○,○,×,×,×,×,×,○,○,○,×,○,×,○
B37-7,○,○,○,○,○,×,×,×,×,×,○,○,×,○,○,×,○
B37-8,○,○,○,○,○,×,×,×,×,×,○,○,○,○,○,×,○
B38-1,○,○,○,○,○,×,×,×,×,×,○,○,×,×,×,×,○
B38-2,○,○,○,○,○,×,×,×,×,×,○,○,○,×,×,×,○
B38-3,○,○,○,○,○,×,×,×,×,×,○,○,×,○,×,×,○
B38-4,○,○,○,○,○,×,×,×,×,×,○,○,×,×,○,×,○
B38-5,○,○,○,○,○,×,×,×,×,×,○,○,○,○,×,×,○
B38-6,○,○,○,○,○,×,×,×,×,×,○,○,○,×,○,×,○
B38-7,○,○,○,○,○,×,×,×,×,×,○,○,×,○,○,×,○
B38-8,○,○,○,○,○,×,×,×,×,×,○,○,○,○,○,×,○
B39-1,○,○,○,○,○,×,×,×,×,×,○,○,×,×,×,×,○
B39-2,○,○,○,○,○,×,×,×,×,×,○,○,○,×,×,×,○
B39-3,○,○,○,○,○,×,×,×,×,×,○,○,×,○,×,×,○
B39-4,○,○,○,○,○,×,×,×,×,×,○,○,×,×,○,×,○
B39-5,○,○,○,○,○,×,×,×,×,×,○,○,○,○,×,×,○
B39-6,○,○,○,○,○,×,×,×,×,×,○,○,○,×,○,×,○
B39-7,○,○,○,○,○,×,×,×,×,×,○,○,×,○,○,×,○
B39-8,○,○,○,○,○,×,×,×,×,×,○,○,○,○,○,×,○
B40-1,○,○,○,○,○,×,×,×,×,×,○,○,×,×,×,×,○
B40-2,○,○,○,○,○,×,×,×,×,×,○,○,○,×,×,×,○
B40-3,○,○,○,○,○,×,×,×,×,×,○,○,×,○,×,×,○
B40-4,○,○,○,○,○,×,×,×,×,×,○,○,×,×,○,×,○
B40-5,○,○,○,○,○,×,×,×,×,×,○,○,○,○,×,×,○
B40-6,○,○,○,○,○,×,×,×,×,×,○,○,○,×,○,×,○
B40-7,○,○,○,○,○,×,×,×,×,×,○,○,×,○,○,×,○
B40-8,○,○,○,○,○,×,×,×,×,×,○,○,○,○,○,×,○
C-1,○,×,×,○,×,×,×,×,×,×,×,×,×,×,×,○,×
Z-1,○,×,×,×,×,×,×,×,×,×,×,×,×,×,×,×,×
